

#*******************OpticalValleyBookstore(光谷书店管理系统)
#*****power(读者权限表)
INSERT INTO POWER VALUES('00001','一卡通A证'),('00002','一卡通B证'),('00003','一卡通C证'),('00004','一卡通D证')

INSERT INTO POWER VALUES('00005','普通')

#*****readers(读者信息表)
INSERT INTO readers VALUES('00001','张青平','女','1999-09-11','13774102089','00001'),
                          ('00002','刘东阳','女','1999-10-09','17671729179','00002'),
                          ('00003','钱忠理','男','1998-10-09','15341629146','00003'),
                          ('00004','马晓夏','女','1995-05-12','15341629146','00004'),
                          ('00005','孙海洋','男','1995-04-03','15341629146','00001'),
                          ('00006','郭小斌','男','1997-11-10','17671729179','00002'),
                          ('00007','张玲珑','女','1997-12-24','15341629146','00003'),
                          ('00008','何嘉星','男','1997-12-24','15341629146','00004'),
                          ('00009','张三','男','2000-00-00','15341629146','00001'),
                          ('00010','赵小龙','男','1999-02-15','17671729179','00002'),
                          ('00011','赵小飞','女','1999-03-15','15341629146','00003'),
                          ('00012','刘晨','男','1998-02-15','15341629146','00004'),
                          ('00013','李永','男','2000-03-18','15341629146','00001'),
                          ('00014','秦风','男','1995-02-15','17671729179','00002'),
                          ('00015','李小永','女','1999-03-15','15341629146','00003'),
                          ('00016','刘小晨','女','1989-02-15','15341629146','00004');
                          
#*****lend(借阅信息表)                        
INSERT INTO lend VALUES('9787010040127','00001','2019-00-00','2019-01-00',0.01*30*18),
                       ('9787111530114','00002','2019-00-00','2019-01-00',0.02*30*151),
                       ('9787115410986','00003','2019-00-00','2019-01-00',0.03*30*59),
                       ('9787117095204','00004','2019-00-00','2019-01-00',0.04*30*104),
                       ('9787117096911','00005','2019-00-00','2019-01-00',0.01*30*12),
                       ('9787117145954','00006','2019-00-00','2019-01-00',0.02*30*161),
                       ('9787118029468','00007','2019-00-00','2019-01-00',0.03*30*24),
                       ('9787122237088','00008','2019-00-00','2019-01-00',0.04*30*29),
                       ('9787302508885','00009','2019-00-00','2019-01-00',0.01*30*39),
                       ('9787304063771','00010','2019-00-00','2019-01-00',0.02*30*32),
                       ('9787309027778','00011','2019-00-00','2019-01-00',0.03*30*32),
                       ('9787500579359','00012','2019-00-00','2019-01-00',0.04*30*30),
                       ('9787508633749','00013','2019-00-00','2019-01-00',0.01*30*39),
                       ('9787508645865','00014','2019-00-00','2019-01-00',0.02*30*42),
                       ('9787508649528','00015','2019-00-00','2019-01-00',0.1*30*45),
                       ('9787508692586','00016','2019-00-00','2019-01-00',0.1*30*35);
                       
#******************sell(出售信息表)                    
INSERT INTO sell VALUES('9787508694399','00001','2019-01-30',1,198*0.5),
('9787513594202','00002','2019-01-30',1,48*0.6),
('9787514344363','00003','2019-01-30',1,18*0.7),
('9787519305871','00004','2019-01-30',1,46.80*0.8),
('9787521703726','00005','2019-01-30',1,48*0.5), 
('9787530477496','00006','2019-01-30',1,198*0.6), 
('9787537733106','00007','2019-01-30',1,98*0.7), 
('9787544048446','00008','2019-01-30',1,32*0.8), 
('9787544708173','00009','2019-01-30',1,42*0.5), 
('9787544782579','00010','2019-01-30',1,28*0.6), 
('9787545402377','00011','2019-01-30',1,32*0.7), 
('9787553739762','00012','2019-01-30',1,91*0.8), 
('9787557675271','00013','2019-01-30',1,210*0.5), 
('9787560089553','00014','2019-01-30',1,33*0.6), 
('9787560091846','00015','2019-01-30',1,27*0.9),
('9787560963952','00016','2019-01-30',1,35*0.9);             
                       
                       
                       
                       
                       
                       